pdb_identifier,uniprot_identifier
3P90_A_P6,O00299_P6
3P90_A_Q7,O00299_Q7
3P90_A_V8,O00299_V8
3P90_A_E9,O00299_E9
3P90_A_L10,O00299_L10
3P90_A_F11,O00299_F11
3P90_A_V12,O00299_V12
3P90_A_K13,O00299_K13
3P90_A_A14,O00299_A14
3P90_A_G15,O00299_G15
3P90_A_S16,O00299_S16
3P90_A_D17,O00299_D17
3P90_A_G18,O00299_G18
3P90_A_A19,O00299_A19
3P90_A_K20,O00299_K20
3P90_A_I21,O00299_I21
3P90_A_G22,O00299_G22
3P90_A_N23,O00299_N23
3P90_A_C24,O00299_C24
3P90_A_P25,O00299_P25
3P90_A_F26,O00299_F26
3P90_A_S27,O00299_S27
3P90_A_Q28,O00299_Q28
3P90_A_R29,O00299_R29
3P90_A_L30,O00299_L30
3P90_A_F31,O00299_F31
3P90_A_M32,O00299_M32
3P90_A_V33,O00299_V33
3P90_A_L34,O00299_L34
3P90_A_W35,O00299_W35
3P90_A_L36,O00299_L36
3P90_A_K37,O00299_K37
3P90_A_G38,O00299_G38
3P90_A_V39,O00299_V39
3P90_A_T40,O00299_T40
3P90_A_F41,O00299_F41
3P90_A_N42,O00299_N42
3P90_A_V43,O00299_V43
3P90_A_T44,O00299_T44
3P90_A_T45,O00299_T45
3P90_A_V46,O00299_V46
3P90_A_D47,O00299_D47
3P90_A_T48,O00299_T48
3P90_A_K49,O00299_K49
3P90_A_R50,O00299_R50
3P90_A_R51,O00299_R51
3P90_A_T52,O00299_T52
3P90_A_E53,O00299_E53
3P90_A_T54,O00299_T54
3P90_A_V55,O00299_V55
3P90_A_Q56,O00299_Q56
3P90_A_K57,O00299_K57
3P90_A_L58,O00299_L58
3P90_A_C59,O00299_C59
3P90_A_P60,O00299_P60
3P90_A_G61,O00299_G61
3P90_A_G62,O00299_G62
3P90_A_Q63,O00299_Q63
3P90_A_L64,O00299_L64
3P90_A_P65,O00299_P65
3P90_A_F66,O00299_F66
3P90_A_L67,O00299_L67
3P90_A_L68,O00299_L68
3P90_A_Y69,O00299_Y69
3P90_A_G70,O00299_G70
3P90_A_T71,O00299_T71
3P90_A_E72,O00299_E72
3P90_A_V73,O00299_V73
3P90_A_H74,O00299_H74
3P90_A_T75,O00299_T75
3P90_A_D76,O00299_D76
3P90_A_T77,O00299_T77
3P90_A_N78,O00299_N78
3P90_A_K79,O00299_K79
3P90_A_I80,O00299_I80
3P90_A_E81,O00299_E81
3P90_A_E82,O00299_E82
3P90_A_F83,O00299_F83
3P90_A_L84,O00299_L84
3P90_A_E85,O00299_E85
3P90_A_A86,O00299_A86
3P90_A_V87,O00299_V87
3P90_A_L88,O00299_L88
3P90_A_C89,O00299_C89
3P90_A_P90,O00299_P90
3P90_A_P91,O00299_P91
3P90_A_R92,O00299_R92
3P90_A_Y93,O00299_Y93
3P90_A_P94,O00299_P94
3P90_A_K95,O00299_K95
3P90_A_L96,O00299_L96
3P90_A_A97,O00299_A97
3P90_A_A98,O00299_A98
3P90_A_L99,O00299_L99
3P90_A_N100,O00299_N100
3P90_A_P101,O00299_P101
3P90_A_E102,O00299_E102
3P90_A_S103,O00299_S103
3P90_A_N104,O00299_N104
3P90_A_T105,O00299_T105
3P90_A_A106,O00299_A106
3P90_A_G107,O00299_G107
3P90_A_L108,O00299_L108
3P90_A_D109,O00299_D109
3P90_A_I110,O00299_I110
3P90_A_F111,O00299_F111
3P90_A_A112,O00299_A112
3P90_A_K113,O00299_K113
3P90_A_F114,O00299_F114
3P90_A_S115,O00299_S115
3P90_A_A116,O00299_A116
3P90_A_Y117,O00299_Y117
3P90_A_I118,O00299_I118
3P90_A_K119,O00299_K119
3P90_A_N120,O00299_N120
3P90_A_S121,O00299_S121
3P90_A_N122,O00299_N122
3P90_A_P123,O00299_P123
3P90_A_A124,O00299_A124
3P90_A_L125,O00299_L125
3P90_A_N126,O00299_N126
3P90_A_D127,O00299_D127
3P90_A_N128,O00299_N128
3P90_A_L129,O00299_L129
3P90_A_E130,O00299_E130
3P90_A_K131,O00299_K131
3P90_A_G132,O00299_G132
3P90_A_L133,O00299_L133
3P90_A_L134,O00299_L134
3P90_A_K135,O00299_K135
3P90_A_A136,O00299_A136
3P90_A_L137,O00299_L137
3P90_A_K138,O00299_K138
3P90_A_V139,O00299_V139
3P90_A_L140,O00299_L140
3P90_A_D141,O00299_D141
3P90_A_N142,O00299_N142
3P90_A_Y143,O00299_Y143
3P90_A_L144,O00299_L144
3P90_A_T145,O00299_T145
3P90_A_S146,O00299_S146
3P90_A_P147,O00299_P147
3P90_A_L148,O00299_L148
3P90_A_P149,O00299_P149
3P90_A_E150,O00299_E150
3P90_A_E151,O00299_E151
3P90_A_V152,O00299_V152
3P90_A_D153,O00299_D153
3P90_A_E154,O00299_E154
3P90_A_T155,O00299_T155
3P90_A_S156,O00299_S156
3P90_A_A157,O00299_A157
3P90_A_E158,O00299_E158
3P90_A_D159,O00299_D159
3P90_A_E160,O00299_E160
3P90_A_G161,O00299_G161
3P90_A_V162,O00299_V162
3P90_A_S163,O00299_S163
3P90_A_Q164,O00299_Q164
3P90_A_R165,O00299_R165
3P90_A_K166,O00299_K166
3P90_A_F167,O00299_F167
3P90_A_L168,O00299_L168
3P90_A_D169,O00299_D169
3P90_A_G170,O00299_G170
3P90_A_N171,O00299_N171
3P90_A_E172,O00299_E172
3P90_A_L173,O00299_L173
3P90_A_T174,O00299_T174
3P90_A_L175,O00299_L175
3P90_A_A176,O00299_A176
3P90_A_D177,O00299_D177
3P90_A_C178,O00299_C178
3P90_A_N179,O00299_N179
3P90_A_L180,O00299_L180
3P90_A_L181,O00299_L181
3P90_A_P182,O00299_P182
3P90_A_K183,O00299_K183
3P90_A_L184,O00299_L184
3P90_A_H185,O00299_H185
3P90_A_I186,O00299_I186
3P90_A_V187,O00299_V187
3P90_A_Q188,O00299_Q188
3P90_A_V189,O00299_V189
3P90_A_V190,O00299_V190
3P90_A_C191,O00299_C191
3P90_A_K192,O00299_K192
3P90_A_K193,O00299_K193
3P90_A_Y194,O00299_Y194
3P90_A_R195,O00299_R195
3P90_A_G196,O00299_G196
3P90_A_F197,O00299_F197
3P90_A_T198,O00299_T198
3P90_A_I199,O00299_I199
3P90_A_P200,O00299_P200
3P90_A_E201,O00299_E201
3P90_A_A202,O00299_A202
3P90_A_F203,O00299_F203
3P90_A_R204,O00299_R204
3P90_A_G205,O00299_G205
3P90_A_V206,O00299_V206
3P90_A_F207,O00299_H207
3P90_A_R208,O00299_R208
3P90_A_Y209,O00299_Y209
3P90_A_L210,O00299_L210
3P90_A_S211,O00299_S211
3P90_A_N212,O00299_N212
3P90_A_A213,O00299_A213
3P90_A_Y214,O00299_Y214
3P90_A_A215,O00299_A215
3P90_A_R216,O00299_R216
3P90_A_E217,O00299_E217
3P90_A_E218,O00299_E218
3P90_A_F219,O00299_F219
3P90_A_A220,O00299_A220
3P90_A_S221,O00299_S221
3P90_A_T222,O00299_T222
3P90_A_C223,O00299_C223
3P90_A_P224,O00299_P224
3P90_A_D225,O00299_D225
3P90_A_D226,O00299_D226
3P90_A_E227,O00299_E227
3P90_A_E228,O00299_E228
3P90_A_I229,O00299_I229
3P90_A_E230,O00299_E230
3P90_A_L231,O00299_L231
3P90_A_A232,O00299_A232
3P90_A_Y233,O00299_Y233
3P90_A_E234,O00299_E234
3P90_A_Q235,O00299_Q235
3P90_A_V236,O00299_V236
3P90_A_A237,O00299_A237
3P90_A_K238,O00299_K238
3P90_A_A239,O00299_A239
3P90_A_L240,O00299_L240
3P90_A_K241,O00299_K241
PDB ID_pdb chain_pdb residuepdb position,uniprot id_uniprot residueuniprot position
6MHC_A_M1,P78417_M1
6MHC_A_S2,P78417_S2
6MHC_A_G3,P78417_G3
6MHC_A_E4,P78417_E4
6MHC_A_S5,P78417_S5
6MHC_A_A6,P78417_A6
6MHC_A_R7,P78417_R7
6MHC_A_S8,P78417_S8
6MHC_A_L9,P78417_L9
6MHC_A_G10,P78417_G10
6MHC_A_K11,P78417_K11
6MHC_A_G12,P78417_G12
6MHC_A_S13,P78417_S13
6MHC_A_A14,P78417_A14
6MHC_A_P15,P78417_P15
6MHC_A_P16,P78417_P16
6MHC_A_G17,P78417_G17
6MHC_A_P18,P78417_P18
6MHC_A_V19,P78417_V19
6MHC_A_P20,P78417_P20
6MHC_A_E21,P78417_E21
6MHC_A_G22,P78417_G22
6MHC_A_S23,P78417_S23
6MHC_A_I24,P78417_I24
6MHC_A_R25,P78417_R25
6MHC_A_I26,P78417_I26
6MHC_A_Y27,P78417_Y27
6MHC_A_S28,P78417_S28
6MHC_A_M29,P78417_M29
6MHC_A_R30,P78417_R30
6MHC_A_F31,P78417_F31
6MHC_A_C32,P78417_C32
6MHC_A_P33,P78417_P33
6MHC_A_F34,P78417_F34
6MHC_A_A35,P78417_A35
6MHC_A_E36,P78417_E36
6MHC_A_R37,P78417_R37
6MHC_A_T38,P78417_T38
6MHC_A_R39,P78417_R39
6MHC_A_L40,P78417_L40
6MHC_A_V41,P78417_V41
6MHC_A_L42,P78417_L42
6MHC_A_K43,P78417_K43
6MHC_A_A44,P78417_A44
6MHC_A_K45,P78417_K45
6MHC_A_G46,P78417_G46
6MHC_A_I47,P78417_I47
6MHC_A_R48,P78417_R48
6MHC_A_H49,P78417_H49
6MHC_A_E50,P78417_E50
6MHC_A_V51,P78417_V51
6MHC_A_I52,P78417_I52
6MHC_A_N53,P78417_N53
6MHC_A_I54,P78417_I54
6MHC_A_N55,P78417_N55
6MHC_A_L56,P78417_L56
6MHC_A_K57,P78417_K57
6MHC_A_N58,P78417_N58
6MHC_A_K59,P78417_K59
6MHC_A_P60,P78417_P60
6MHC_A_E61,P78417_E61
6MHC_A_W62,P78417_W62
6MHC_A_F63,P78417_F63
6MHC_A_F64,P78417_F64
6MHC_A_K65,P78417_K65
6MHC_A_K66,P78417_K66
6MHC_A_N67,P78417_N67
6MHC_A_P68,P78417_P68
6MHC_A_F69,P78417_F69
6MHC_A_G70,P78417_G70
6MHC_A_L71,P78417_L71
6MHC_A_V72,P78417_V72
6MHC_A_P73,P78417_P73
6MHC_A_V74,P78417_V74
6MHC_A_L75,P78417_L75
6MHC_A_E76,P78417_E76
6MHC_A_N77,P78417_N77
6MHC_A_S78,P78417_S78
6MHC_A_Q79,P78417_Q79
6MHC_A_G80,P78417_G80
6MHC_A_Q81,P78417_Q81
6MHC_A_L82,P78417_L82
6MHC_A_I83,P78417_I83
6MHC_A_Y84,P78417_Y84
6MHC_A_E85,P78417_E85
6MHC_A_S86,P78417_S86
6MHC_A_A87,P78417_A87
6MHC_A_I88,P78417_I88
6MHC_A_T89,P78417_T89
6MHC_A_C90,P78417_C90
6MHC_A_E91,P78417_E91
6MHC_A_Y92,P78417_Y92
6MHC_A_L93,P78417_L93
6MHC_A_D94,P78417_D94
6MHC_A_E95,P78417_E95
6MHC_A_A96,P78417_A96
6MHC_A_Y97,P78417_Y97
6MHC_A_P98,P78417_P98
6MHC_A_G99,P78417_G99
6MHC_A_K100,P78417_K100
6MHC_A_K101,P78417_K101
6MHC_A_L102,P78417_L102
6MHC_A_L103,P78417_L103
6MHC_A_P104,P78417_P104
6MHC_A_D105,P78417_D105
6MHC_A_D106,P78417_D106
6MHC_A_P107,P78417_P107
6MHC_A_Y108,P78417_Y108
6MHC_A_E109,P78417_E109
6MHC_A_K110,P78417_K110
6MHC_A_A111,P78417_A111
6MHC_A_C112,P78417_C112
6MHC_A_Q113,P78417_Q113
6MHC_A_K114,P78417_K114
6MHC_A_M115,P78417_M115
6MHC_A_I116,P78417_I116
6MHC_A_L117,P78417_L117
6MHC_A_E118,P78417_E118
6MHC_A_L119,P78417_L119
6MHC_A_F120,P78417_F120
6MHC_A_S121,P78417_S121
6MHC_A_K122,P78417_K122
6MHC_A_V123,P78417_V123
6MHC_A_P124,P78417_P124
6MHC_A_S125,P78417_S125
6MHC_A_L126,P78417_L126
6MHC_A_V127,P78417_V127
6MHC_A_G128,P78417_G128
6MHC_A_S129,P78417_S129
6MHC_A_F130,P78417_F130
6MHC_A_I131,P78417_I131
6MHC_A_R132,P78417_R132
6MHC_A_S133,P78417_S133
6MHC_A_Q134,P78417_Q134
6MHC_A_N135,P78417_N135
6MHC_A_K136,P78417_K136
6MHC_A_E137,P78417_E137
6MHC_A_D138,P78417_D138
6MHC_A_Y139,P78417_Y139
6MHC_A_A140,P78417_A140
6MHC_A_G141,P78417_G141
6MHC_A_L142,P78417_L142
6MHC_A_K143,P78417_K143
6MHC_A_E144,P78417_E144
6MHC_A_E145,P78417_E145
6MHC_A_F146,P78417_F146
6MHC_A_R147,P78417_R147
6MHC_A_K148,P78417_K148
6MHC_A_E149,P78417_E149
6MHC_A_F150,P78417_F150
6MHC_A_T151,P78417_T151
6MHC_A_K152,P78417_K152
6MHC_A_L153,P78417_L153
6MHC_A_E154,P78417_E154
6MHC_A_E155,P78417_E155
6MHC_A_V156,P78417_V156
6MHC_A_L157,P78417_L157
6MHC_A_T158,P78417_T158
6MHC_A_N159,P78417_N159
6MHC_A_K160,P78417_K160
6MHC_A_K161,P78417_K161
6MHC_A_T162,P78417_T162
6MHC_A_T163,P78417_T163
6MHC_A_F164,P78417_F164
6MHC_A_F165,P78417_F165
6MHC_A_G166,P78417_G166
6MHC_A_G167,P78417_G167
6MHC_A_N168,P78417_N168
6MHC_A_S169,P78417_S169
6MHC_A_I170,P78417_I170
6MHC_A_S171,P78417_S171
6MHC_A_M172,P78417_M172
6MHC_A_I173,P78417_I173
6MHC_A_D174,P78417_D174
6MHC_A_Y175,P78417_Y175
6MHC_A_L176,P78417_L176
6MHC_A_I177,P78417_I177
6MHC_A_W178,P78417_W178
6MHC_A_P179,P78417_P179
6MHC_A_W180,P78417_W180
6MHC_A_F181,P78417_F181
6MHC_A_E182,P78417_E182
6MHC_A_R183,P78417_R183
6MHC_A_L184,P78417_L184
6MHC_A_E185,P78417_E185
6MHC_A_A186,P78417_A186
6MHC_A_M187,P78417_M187
6MHC_A_K188,P78417_K188
6MHC_A_L189,P78417_L189
6MHC_A_N190,P78417_N190
6MHC_A_E191,P78417_E191
6MHC_A_C192,P78417_C192
6MHC_A_V193,P78417_V193
6MHC_A_D194,P78417_D194
6MHC_A_H195,P78417_H195
6MHC_A_T196,P78417_T196
6MHC_A_P197,P78417_P197
6MHC_A_K198,P78417_K198
6MHC_A_L199,P78417_L199
6MHC_A_K200,P78417_K200
6MHC_A_L201,P78417_L201
6MHC_A_W202,P78417_W202
6MHC_A_M203,P78417_M203
6MHC_A_A204,P78417_A204
6MHC_A_A205,P78417_A205
6MHC_A_M206,P78417_M206
6MHC_A_K207,P78417_K207
6MHC_A_E208,P78417_E208
6MHC_A_D209,P78417_D209
6MHC_A_P210,P78417_P210
6MHC_A_T211,P78417_T211
6MHC_A_V212,P78417_V212
6MHC_A_S213,P78417_S213
6MHC_A_A214,P78417_A214
6MHC_A_L215,P78417_L215
6MHC_A_L216,P78417_L216
6MHC_A_T217,P78417_T217
6MHC_A_S218,P78417_S218
6MHC_A_E219,P78417_E219
6MHC_A_K220,P78417_K220
6MHC_A_D221,P78417_D221
6MHC_A_W222,P78417_W222
6MHC_A_Q223,P78417_Q223
6MHC_A_G224,P78417_G224
6MHC_A_F225,P78417_F225
6MHC_A_L226,P78417_L226
6MHC_A_E227,P78417_E227
6MHC_A_L228,P78417_L228
6MHC_A_Y229,P78417_Y229
6MHC_A_L230,P78417_L230
6MHC_A_Q231,P78417_Q231
6MHC_A_N232,P78417_N232
6MHC_A_S233,P78417_S233
6MHC_A_P234,P78417_P234
6MHC_A_E235,P78417_E235
6MHC_A_A236,P78417_A236
6MHC_A_C237,P78417_C237
6MHC_A_D238,P78417_D238
6MHC_A_Y239,P78417_Y239
6MHC_A_G240,P78417_G240
6MHC_A_L241,P78417_L241
6MHC_B_M1,P78417_M1
6MHC_B_S2,P78417_S2
6MHC_B_G3,P78417_G3
6MHC_B_E4,P78417_E4
6MHC_B_S5,P78417_S5
6MHC_B_A6,P78417_A6
6MHC_B_R7,P78417_R7
6MHC_B_S8,P78417_S8
6MHC_B_L9,P78417_L9
6MHC_B_G10,P78417_G10
6MHC_B_K11,P78417_K11
6MHC_B_G12,P78417_G12
6MHC_B_S13,P78417_S13
6MHC_B_A14,P78417_A14
6MHC_B_P15,P78417_P15
6MHC_B_P16,P78417_P16
6MHC_B_G17,P78417_G17
6MHC_B_P18,P78417_P18
6MHC_B_V19,P78417_V19
6MHC_B_P20,P78417_P20
6MHC_B_E21,P78417_E21
6MHC_B_G22,P78417_G22
6MHC_B_S23,P78417_S23
6MHC_B_I24,P78417_I24
6MHC_B_R25,P78417_R25
6MHC_B_I26,P78417_I26
6MHC_B_Y27,P78417_Y27
6MHC_B_S28,P78417_S28
6MHC_B_M29,P78417_M29
6MHC_B_R30,P78417_R30
6MHC_B_F31,P78417_F31
6MHC_B_C32,P78417_C32
6MHC_B_P33,P78417_P33
6MHC_B_F34,P78417_F34
6MHC_B_A35,P78417_A35
6MHC_B_E36,P78417_E36
6MHC_B_R37,P78417_R37
6MHC_B_T38,P78417_T38
6MHC_B_R39,P78417_R39
6MHC_B_L40,P78417_L40
6MHC_B_V41,P78417_V41
6MHC_B_L42,P78417_L42
6MHC_B_K43,P78417_K43
6MHC_B_A44,P78417_A44
6MHC_B_K45,P78417_K45
6MHC_B_G46,P78417_G46
6MHC_B_I47,P78417_I47
6MHC_B_R48,P78417_R48
6MHC_B_H49,P78417_H49
6MHC_B_E50,P78417_E50
6MHC_B_V51,P78417_V51
6MHC_B_I52,P78417_I52
6MHC_B_N53,P78417_N53
6MHC_B_I54,P78417_I54
6MHC_B_N55,P78417_N55
6MHC_B_L56,P78417_L56
6MHC_B_K57,P78417_K57
6MHC_B_N58,P78417_N58
6MHC_B_K59,P78417_K59
6MHC_B_P60,P78417_P60
6MHC_B_E61,P78417_E61
6MHC_B_W62,P78417_W62
6MHC_B_F63,P78417_F63
6MHC_B_F64,P78417_F64
6MHC_B_K65,P78417_K65
6MHC_B_K66,P78417_K66
6MHC_B_N67,P78417_N67
6MHC_B_P68,P78417_P68
6MHC_B_F69,P78417_F69
6MHC_B_G70,P78417_G70
6MHC_B_L71,P78417_L71
6MHC_B_V72,P78417_V72
6MHC_B_P73,P78417_P73
6MHC_B_V74,P78417_V74
6MHC_B_L75,P78417_L75
6MHC_B_E76,P78417_E76
6MHC_B_N77,P78417_N77
6MHC_B_S78,P78417_S78
6MHC_B_Q79,P78417_Q79
6MHC_B_G80,P78417_G80
6MHC_B_Q81,P78417_Q81
6MHC_B_L82,P78417_L82
6MHC_B_I83,P78417_I83
6MHC_B_Y84,P78417_Y84
6MHC_B_E85,P78417_E85
6MHC_B_S86,P78417_S86
6MHC_B_A87,P78417_A87
6MHC_B_I88,P78417_I88
6MHC_B_T89,P78417_T89
6MHC_B_C90,P78417_C90
6MHC_B_E91,P78417_E91
6MHC_B_Y92,P78417_Y92
6MHC_B_L93,P78417_L93
6MHC_B_D94,P78417_D94
6MHC_B_E95,P78417_E95
6MHC_B_A96,P78417_A96
6MHC_B_Y97,P78417_Y97
6MHC_B_P98,P78417_P98
6MHC_B_G99,P78417_G99
6MHC_B_K100,P78417_K100
6MHC_B_K101,P78417_K101
6MHC_B_L102,P78417_L102
6MHC_B_L103,P78417_L103
6MHC_B_P104,P78417_P104
6MHC_B_D105,P78417_D105
6MHC_B_D106,P78417_D106
6MHC_B_P107,P78417_P107
6MHC_B_Y108,P78417_Y108
6MHC_B_E109,P78417_E109
6MHC_B_K110,P78417_K110
6MHC_B_A111,P78417_A111
6MHC_B_C112,P78417_C112
6MHC_B_Q113,P78417_Q113
6MHC_B_K114,P78417_K114
6MHC_B_M115,P78417_M115
6MHC_B_I116,P78417_I116
6MHC_B_L117,P78417_L117
6MHC_B_E118,P78417_E118
6MHC_B_L119,P78417_L119
6MHC_B_F120,P78417_F120
6MHC_B_S121,P78417_S121
6MHC_B_K122,P78417_K122
6MHC_B_V123,P78417_V123
6MHC_B_P124,P78417_P124
6MHC_B_S125,P78417_S125
6MHC_B_L126,P78417_L126
6MHC_B_V127,P78417_V127
6MHC_B_G128,P78417_G128
6MHC_B_S129,P78417_S129
6MHC_B_F130,P78417_F130
6MHC_B_I131,P78417_I131
6MHC_B_R132,P78417_R132
6MHC_B_S133,P78417_S133
6MHC_B_Q134,P78417_Q134
6MHC_B_N135,P78417_N135
6MHC_B_K136,P78417_K136
6MHC_B_E137,P78417_E137
6MHC_B_D138,P78417_D138
6MHC_B_Y139,P78417_Y139
6MHC_B_A140,P78417_A140
6MHC_B_G141,P78417_G141
6MHC_B_L142,P78417_L142
6MHC_B_K143,P78417_K143
6MHC_B_E144,P78417_E144
6MHC_B_E145,P78417_E145
6MHC_B_F146,P78417_F146
6MHC_B_R147,P78417_R147
6MHC_B_K148,P78417_K148
6MHC_B_E149,P78417_E149
6MHC_B_F150,P78417_F150
6MHC_B_T151,P78417_T151
6MHC_B_K152,P78417_K152
6MHC_B_L153,P78417_L153
6MHC_B_E154,P78417_E154
6MHC_B_E155,P78417_E155
6MHC_B_V156,P78417_V156
6MHC_B_L157,P78417_L157
6MHC_B_T158,P78417_T158
6MHC_B_N159,P78417_N159
6MHC_B_K160,P78417_K160
6MHC_B_K161,P78417_K161
6MHC_B_T162,P78417_T162
6MHC_B_T163,P78417_T163
6MHC_B_F164,P78417_F164
6MHC_B_F165,P78417_F165
6MHC_B_G166,P78417_G166
6MHC_B_G167,P78417_G167
6MHC_B_N168,P78417_N168
6MHC_B_S169,P78417_S169
6MHC_B_I170,P78417_I170
6MHC_B_S171,P78417_S171
6MHC_B_M172,P78417_M172
6MHC_B_I173,P78417_I173
6MHC_B_D174,P78417_D174
6MHC_B_Y175,P78417_Y175
6MHC_B_L176,P78417_L176
6MHC_B_I177,P78417_I177
6MHC_B_W178,P78417_W178
6MHC_B_P179,P78417_P179
6MHC_B_W180,P78417_W180
6MHC_B_F181,P78417_F181
6MHC_B_E182,P78417_E182
6MHC_B_R183,P78417_R183
6MHC_B_L184,P78417_L184
6MHC_B_E185,P78417_E185
6MHC_B_A186,P78417_A186
6MHC_B_M187,P78417_M187
6MHC_B_K188,P78417_K188
6MHC_B_L189,P78417_L189
6MHC_B_N190,P78417_N190
6MHC_B_E191,P78417_E191
6MHC_B_C192,P78417_C192
6MHC_B_V193,P78417_V193
6MHC_B_D194,P78417_D194
6MHC_B_H195,P78417_H195
6MHC_B_T196,P78417_T196
6MHC_B_P197,P78417_P197
6MHC_B_K198,P78417_K198
6MHC_B_L199,P78417_L199
6MHC_B_K200,P78417_K200
6MHC_B_L201,P78417_L201
6MHC_B_W202,P78417_W202
6MHC_B_M203,P78417_M203
6MHC_B_A204,P78417_A204
6MHC_B_A205,P78417_A205
6MHC_B_M206,P78417_M206
6MHC_B_K207,P78417_K207
6MHC_B_E208,P78417_E208
6MHC_B_D209,P78417_D209
6MHC_B_P210,P78417_P210
6MHC_B_T211,P78417_T211
6MHC_B_V212,P78417_V212
6MHC_B_S213,P78417_S213
6MHC_B_A214,P78417_A214
6MHC_B_L215,P78417_L215
6MHC_B_L216,P78417_L216
6MHC_B_T217,P78417_T217
6MHC_B_S218,P78417_S218
6MHC_B_E219,P78417_E219
6MHC_B_K220,P78417_K220
6MHC_B_D221,P78417_D221
6MHC_B_W222,P78417_W222
6MHC_B_Q223,P78417_Q223
6MHC_B_G224,P78417_G224
6MHC_B_F225,P78417_F225
6MHC_B_L226,P78417_L226
6MHC_B_E227,P78417_E227
6MHC_B_L228,P78417_L228
6MHC_B_Y229,P78417_Y229
6MHC_B_L230,P78417_L230
6MHC_B_Q231,P78417_Q231
6MHC_B_N232,P78417_N232
6MHC_B_S233,P78417_S233
6MHC_B_P234,P78417_P234
6MHC_B_E235,P78417_E235
6MHC_B_A236,P78417_A236
6MHC_B_C237,P78417_C237
6MHC_B_D238,P78417_D238
6MHC_B_Y239,P78417_Y239
6MHC_B_G240,P78417_G240
6MHC_B_L241,P78417_L241
